,index,"[-inf, 18.5)","[18.5, inf)"
0,,0.9965870307167235,0.0034129692832764505
