,G1,age,no,yes
0,"[-inf, 18.5)","[-inf, 21.5)",0.10102739726027397,0.898972602739726
1,"[-inf, 18.5)","[21.5, inf)",0.6666666666666666,0.3333333333333333
2,"[18.5, inf)","[-inf, 21.5)",0.3333333333333333,0.6666666666666666
3,"[18.5, inf)","[21.5, inf)",0.5,0.5
