{"address": {"R": 0.30101045573303314, "U": 0.6989895442669668}, "guardian": {"0": 0.7148478365565479, "1": 0.2851521634434532}, "reason1": {"0": 0.6491837250912897, "1": 0.35081627490870965}, "guardian2": {"0": 0.8554149610364654, "1": 0.14458503896353478}, "reason2": {"0": 0.7342430872864475, "1": 0.265756912713553}, "activities": {"no": 0.518234411160637, "yes": 0.4817655888393629}, "Fjob": {"0": 0.9135285182793548, "1": 0.086471481720645}, "Fjob3": {"0": 0.6748294577578737, "1": 0.32517054224212666}, "reason3": {"0": 0.6302678093565954, "1": 0.36973219064340584}, "Walc": {"[-inf, 3.5)": 0.7938671209540032, "[3.5, 4.5)": 0.1362862010221464, "[4.5, inf)": 0.06984667802385004}, "Mjob": {"0": 0.7587852916638457, "1": 0.24121470833615422}, "Mjob1": {"0": 0.8884672916076323, "1": 0.11153270839236738}, "Mjob2": {"0": 0.5921549915387991, "1": 0.40784500846120053}, "Mjob3": {"0": 0.7635986110481289, "1": 0.23640138895187146}, "Fjob1": {"0": 0.908366511573392, "1": 0.09163348842660765}, "sex": {"F": 0.5824273664166782, "M": 0.4175726335833213}, "schoolsup": {"no": 0.8843024536607359, "yes": 0.11569754633926375}, "Fjob2": {"0": 0.4394737634285187, "1": 0.5605262365714822}, "Medu": {"[-inf, 3.5)": 0.7315940305735511, "[3.5, inf)": 0.26840596942645034}, "reason": {"0": 0.5552466855235895, "1": 0.44475331447641064}, "Mjob4": {"0": 0.8589405708967336, "1": 0.14105942910327196}, "Fjob4": {"0": 0.9572859470867219, "1": 0.042714052913279385}, "studytime": {"[-inf, 1.5)": 0.3196693478139468, "[1.5, 3.5)": 0.6206504243785095, "[3.5, inf)": 0.059680227807540544}, "G1": {"[-inf, 16.5)": 0.9573378839590442, "[16.5, inf)": 0.042662116040955614}, "Dalc": {"[-inf, 4.5)": 0.9697905179892765, "[4.5, inf)": 0.030209482010723616}, "failures": {"0.0": 0.8182619327851881, "1.0": 0.11437933362111789, "2.0": 0.03593862562235396, "3.0": 0.03142010797133998}, "school": {"GP": 0.6492186279549926, "MS": 0.35078137204500787}, "paid": {"no": 0.9308624506353412, "yes": 0.06913754936465848}, "higher": {"no": 0.10422526314091736, "yes": 0.8957747368590825}, "G2": {"[-inf, 13.5)": 0.7664890888689354, "[13.5, inf)": 0.23351091113106315}, "G3": {"[-inf, 10)": 0.16215530785583135, "[10, inf)": 0.8378446921441677}, "famrel": {"[-inf, 4.5)": 0.7210717481183697, "[4.5, inf)": 0.2789282518816292}, "health": {"[-inf, 1.5)": 0.14169379916356187, "[1.5, 4.5)": 0.4656548044677411, "[4.5, inf)": 0.3926513963686968}, "romantic": {"no": 0.625712929310316, "yes": 0.37428707068968264}, "guardian1": {"0": 0.3010229397738277, "1": 0.6989770602261723}, "Pstatus": {"A": 0.12897278289769754, "T": 0.8710272171023019}, "famsup": {"no": 0.3808731115979891, "yes": 0.6191268884020108}, "freetime": {"[-inf, 2.5)": 0.23850085178875624, "[2.5, 4.5)": 0.6609880749574107, "[4.5, inf)": 0.10051107325383295}, "goout": {"[-inf, 1.5)": 0.07809595390437309, "[1.5, 4.5)": 0.7477634406602521, "[4.5, inf)": 0.17414060543537466}, "absences": {"[-inf, 12.5)": 0.9453924914675753, "[12.5, inf)": 0.054607508532423264}, "internet": {"no": 0.22890261512726545, "yes": 0.7710973848727348}, "nursery": {"no": 0.20648464163822514, "yes": 0.793515358361775}, "age": {"[-inf, 21.5)": 0.9965870307167233, "[21.5, inf)": 0.0034129692832764484}, "Fedu": {"[-inf, 3.5)": 0.7969283276450518, "[3.5, inf)": 0.20307167235494947}, "traveltime": {"[-inf, 1.5)": 0.5758091993185691, "[1.5, 2.5)": 0.3185689948892672, "[2.5, inf)": 0.1056218057921635}, "famsize": {"GT3": 0.7098976109215017, "LE3": 0.29010238907849845}}
