{"best_scores": {"('k2_prior', 'tree_2')": {"best_threshold": 0.0, "value": 0.9508196721311475}, "('k2_prior', 'tree_3')": {"best_threshold": 0.0, "value": 0.9508196721311475}, "('k2_prior', 'tree_4')": {"best_threshold": 0.0, "value": 0.9508196721311475}}, "scores": {"('k2_prior', 'tree_2')": {"0.0": 0.9508196721311475, "0.05": 0.9508196721311475, "0.1": 0.9508196721311475, "0.15000000000000002": 0.9508196721311475, "0.2": 0.9508196721311475, "0.25": 0.9508196721311475, "0.30000000000000004": 0.9508196721311475, "0.35000000000000003": 0.9508196721311475, "0.4": 0.9508196721311475, "0.45": 0.9508196721311475, "0.5": 0.9508196721311475, "0.55": 0.9508196721311475, "0.6000000000000001": 0.9508196721311475, "0.65": 0.9508196721311475, "0.7000000000000001": 0.9508196721311475, "0.75": 0.9508196721311475, "0.8": 0.5128205128205128, "0.8500000000000001": 0.5128205128205128, "0.9": 0.5128205128205128, "0.9500000000000001": 0.5128205128205128, "1.0": 0.0}, "('k2_prior', 'tree_3')": {"0.0": 0.9508196721311475, "0.05": 0.9508196721311475, "0.1": 0.9508196721311475, "0.15000000000000002": 0.9508196721311475, "0.2": 0.9508196721311475, "0.25": 0.9508196721311475, "0.30000000000000004": 0.9508196721311475, "0.35000000000000003": 0.9508196721311475, "0.4": 0.9508196721311475, "0.45": 0.9508196721311475, "0.5": 0.9508196721311475, "0.55": 0.9508196721311475, "0.6000000000000001": 0.9508196721311475, "0.65": 0.9508196721311475, "0.7000000000000001": 0.9508196721311475, "0.75": 0.9508196721311475, "0.8": 0.9508196721311475, "0.8500000000000001": 0.0, "0.9": 0.0, "0.9500000000000001": 0.0, "1.0": 0.0}, "('k2_prior', 'tree_4')": {"0.0": 0.9508196721311475, "0.05": 0.9508196721311475, "0.1": 0.9508196721311475, "0.15000000000000002": 0.9508196721311475, "0.2": 0.9508196721311475, "0.25": 0.9508196721311475, "0.30000000000000004": 0.9508196721311475, "0.35000000000000003": 0.9508196721311475, "0.4": 0.9508196721311475, "0.45": 0.9508196721311475, "0.5": 0.9508196721311475, "0.55": 0.9508196721311475, "0.6000000000000001": 0.9508196721311475, "0.65": 0.9508196721311475, "0.7000000000000001": 0.9508196721311475, "0.75": 0.9508196721311475, "0.8": 0.9508196721311475, "0.8500000000000001": 0.0, "0.9": 0.0, "0.9500000000000001": 0.0, "1.0": 0.0}}}
